Tyre,BasePace_sec,Degradation_sec_per_lap
SOFT,99.14554565419044,-0.024426283503507857
MEDIUM,96.94160714285715,0.23539285714285618
HARD,98.20293444153016,0.007429796322877691
